nathan,a,Nathan,Martin,noplace@likehome.com
matt,a,Matt,B,noplace@likehome.com
alex,a,Alex,H,noplace@likehome.com
doug,a,Doug,S,noplace@likehome.com
duke,a,Earl,B,noplace@likehome.com
jessica,a,Jessica,H,noplace@likehome.com
holden,a,Holden,H,noplace@likehome.com
bryan,a,Bryan,B,noplace@likehome.com
ben,a,Ben,D,noplace@likehome.com
cam,a,Cam,A,noplace@likehome.com
jack,a,Jack,N,noplace@likehome.com
landon,a,Landon,K,noplace@likehome.com
max,a,Max,K,noplace@likehome.com
josh,a,Josh,G,noplace@likehome.com
kate,a,Kate,W,noplace@likehome.com
kellee,a,Kellee,M,noplace@likehome.com
barret,a,Barrett,M,noplace@likehome.com
brandon,a,Brandon,J,noplace@likehome.com
jet,a,Jet,B,noplace@likehome.com
allie,a,Allie,R,noplace@likehome.com
juan,a,Juan,A,noplace@likehome.com
jared,a,Jared,B,noplace@likehome.com
charles,a,Charles,L,noplace@likehome.com
dustin,a,Dustin,G,noplace@likehome.com
sally,a,Sally,K,noplace@likehome.com
jacob,a,Jacob,S,noplace@likehome.com
terry,a,Terry,K,noplace@likehome.com
kaity,a,Kaity,M,noplace@likehome.com
lindsay,a,Lindsay,W,noplace@likehome.com
brady,a,Brady,R,noplace@likehome.com
lauren,a,Lauren,F,noplace@likehome.com
dominathan,a,Nathan,H,noplace@likehome.com
calvin,a,Calvin,W,noplace@likehome.com
betsy,a,Betsy,H,noplace@likehome.com
sekao,a,Zach,O,noplace@likehome.com

